{"uid":"83edc06c07f9ae9e47eb6dd1b683e4e2","name":"packages","children":[{"name":"tests","children":[{"name":"abc","children":[{"name":"test_abc","children":[{"name":"test_main","uid":"46b99707e8374939","parentUid":"f7ac0b2764d7015933b31a22336bdb40","status":"passed","time":{"start":1756652147645,"stop":1756652147646,"duration":1},"flaky":false,"newFailed":false,"newPassed":false,"newBroken":false,"retriesCount":0,"retriesStatusChange":false,"parameters":[],"tags":[]}],"uid":"f7ac0b2764d7015933b31a22336bdb40"},{"name":"test_weather2","children":[{"name":"test_get_weather_data_tokyo","uid":"90cb75e0b8e8d518","parentUid":"e4ae0bea49e28ab71da29482c9dc508c","status":"passed","time":{"start":1756652147760,"stop":1756652147767,"duration":7},"flaky":false,"newFailed":false,"newPassed":false,"newBroken":false,"retriesCount":0,"retriesStatusChange":false,"parameters":[],"tags":["vcr","integration"]},{"name":"test_get_weather_data_osaka","uid":"87b8f820fdfaa44d","parentUid":"e4ae0bea49e28ab71da29482c9dc508c","status":"passed","time":{"start":1756652147783,"stop":1756652147790,"duration":7},"flaky":false,"newFailed":false,"newPassed":false,"newBroken":false,"retriesCount":0,"retriesStatusChange":false,"parameters":[],"tags":["vcr","integration"]},{"name":"test_abc","uid":"d7b158c5ef70032c","parentUid":"e4ae0bea49e28ab71da29482c9dc508c","status":"skipped","time":{"start":1756652147802,"stop":1756652147802,"duration":0},"flaky":false,"newFailed":false,"newPassed":false,"newBroken":false,"retriesCount":0,"retriesStatusChange":false,"parameters":[],"tags":[]},{"name":"test_params[1-1]","uid":"afce6c2247ba9fda","parentUid":"e4ae0bea49e28ab71da29482c9dc508c","status":"passed","time":{"start":1756652147958,"stop":1756652147959,"duration":1},"flaky":false,"newFailed":false,"newPassed":false,"newBroken":false,"retriesCount":0,"retriesStatusChange":false,"parameters":["1","1"],"tags":[]},{"name":"test_params[2-2]","uid":"c87f8476bb7763e0","parentUid":"e4ae0bea49e28ab71da29482c9dc508c","status":"passed","time":{"start":1756652147972,"stop":1756652147972,"duration":0},"flaky":false,"newFailed":false,"newPassed":false,"newBroken":false,"retriesCount":0,"retriesStatusChange":false,"parameters":["2","2"],"tags":[]},{"name":"test_params[3-3]","uid":"be6f880f2fcf442b","parentUid":"e4ae0bea49e28ab71da29482c9dc508c","status":"passed","time":{"start":1756652147982,"stop":1756652147982,"duration":0},"flaky":false,"newFailed":false,"newPassed":false,"newBroken":false,"retriesCount":0,"retriesStatusChange":false,"parameters":["3","3"],"tags":[]}],"uid":"e4ae0bea49e28ab71da29482c9dc508c"}],"uid":"1e11364e09750470ebbbdc90811d30dc"},{"name":"pw.playwright-yahoo_test","children":[{"name":"test_yahoo[chromium]","uid":"2228db5651b0a6a1","parentUid":"5abd162cbea8e99152b59493b01f9a96","status":"passed","time":{"start":1756652148771,"stop":1756652151109,"duration":2338},"flaky":false,"newFailed":false,"newPassed":false,"newBroken":false,"retriesCount":0,"retriesStatusChange":false,"parameters":["'chromium'"],"tags":[]}],"uid":"pw.playwright-yahoo_test"},{"name":"test_sample","children":[{"name":"test_sample","uid":"fbe8ae5733e7e1df","parentUid":"5bcef9a2af20e974c7c440c0eb0f53df","status":"passed","time":{"start":1756652151159,"stop":1756652151163,"duration":4},"flaky":false,"newFailed":false,"newPassed":false,"newBroken":false,"retriesCount":0,"retriesStatusChange":false,"parameters":[],"tags":["vcr"]}],"uid":"5bcef9a2af20e974c7c440c0eb0f53df"}],"uid":"bf49149a3821e34f7608bb6885d52868"}]}