{"uid":"98d3104e051c652961429bf95fa0b5d6","name":"suites","children":[{"name":"tests.abc","children":[{"name":"test_abc","children":[{"name":"test_main","uid":"46b99707e8374939","parentUid":"4fc1cf5053ef2b0784a190710c1834f8","status":"passed","time":{"start":1756652147645,"stop":1756652147646,"duration":1},"flaky":false,"newFailed":false,"newPassed":false,"newBroken":false,"retriesCount":0,"retriesStatusChange":false,"parameters":[],"tags":[]}],"uid":"4fc1cf5053ef2b0784a190710c1834f8"},{"name":"test_weather2","children":[{"name":"test_get_weather_data_tokyo","uid":"90cb75e0b8e8d518","parentUid":"9a895249cc162ffc5f2e5e672ed148af","status":"passed","time":{"start":1756652147760,"stop":1756652147767,"duration":7},"flaky":false,"newFailed":false,"newPassed":false,"newBroken":false,"retriesCount":0,"retriesStatusChange":false,"parameters":[],"tags":["vcr","integration"]},{"name":"test_get_weather_data_osaka","uid":"87b8f820fdfaa44d","parentUid":"9a895249cc162ffc5f2e5e672ed148af","status":"passed","time":{"start":1756652147783,"stop":1756652147790,"duration":7},"flaky":false,"newFailed":false,"newPassed":false,"newBroken":false,"retriesCount":0,"retriesStatusChange":false,"parameters":[],"tags":["vcr","integration"]},{"name":"test_abc","uid":"d7b158c5ef70032c","parentUid":"9a895249cc162ffc5f2e5e672ed148af","status":"skipped","time":{"start":1756652147802,"stop":1756652147802,"duration":0},"flaky":false,"newFailed":false,"newPassed":false,"newBroken":false,"retriesCount":0,"retriesStatusChange":false,"parameters":[],"tags":[]},{"name":"test_params[1-1]","uid":"afce6c2247ba9fda","parentUid":"9a895249cc162ffc5f2e5e672ed148af","status":"passed","time":{"start":1756652147958,"stop":1756652147959,"duration":1},"flaky":false,"newFailed":false,"newPassed":false,"newBroken":false,"retriesCount":0,"retriesStatusChange":false,"parameters":["1","1"],"tags":[]},{"name":"test_params[2-2]","uid":"c87f8476bb7763e0","parentUid":"9a895249cc162ffc5f2e5e672ed148af","status":"passed","time":{"start":1756652147972,"stop":1756652147972,"duration":0},"flaky":false,"newFailed":false,"newPassed":false,"newBroken":false,"retriesCount":0,"retriesStatusChange":false,"parameters":["2","2"],"tags":[]},{"name":"test_params[3-3]","uid":"be6f880f2fcf442b","parentUid":"9a895249cc162ffc5f2e5e672ed148af","status":"passed","time":{"start":1756652147982,"stop":1756652147982,"duration":0},"flaky":false,"newFailed":false,"newPassed":false,"newBroken":false,"retriesCount":0,"retriesStatusChange":false,"parameters":["3","3"],"tags":[]}],"uid":"9a895249cc162ffc5f2e5e672ed148af"}],"uid":"72c0596d4ff1e6b9993b157f46f8eb98"},{"name":"tests.pw","children":[{"name":"playwright-yahoo_test","children":[{"name":"test_yahoo[chromium]","uid":"2228db5651b0a6a1","parentUid":"d9068cc0481f7a0d9c1e4532c94c3ce4","status":"passed","time":{"start":1756652148771,"stop":1756652151109,"duration":2338},"flaky":false,"newFailed":false,"newPassed":false,"newBroken":false,"retriesCount":0,"retriesStatusChange":false,"parameters":["'chromium'"],"tags":[]}],"uid":"d9068cc0481f7a0d9c1e4532c94c3ce4"}],"uid":"bf2fdfcc4eedd2d804a963ba031677dc"},{"name":"tests","children":[{"name":"test_sample","children":[{"name":"test_sample","uid":"fbe8ae5733e7e1df","parentUid":"a83ae37db5443a48a7fe9d092f9776aa","status":"passed","time":{"start":1756652151159,"stop":1756652151163,"duration":4},"flaky":false,"newFailed":false,"newPassed":false,"newBroken":false,"retriesCount":0,"retriesStatusChange":false,"parameters":[],"tags":["vcr"]}],"uid":"a83ae37db5443a48a7fe9d092f9776aa"}],"uid":"e387fa4bb326b54ea8c19c2822aba374"}]}