"DESCRIPTION","DURATION IN MS","NAME","PARENT SUITE","START TIME","STATUS","STOP TIME","SUB SUITE","SUITE","TEST CLASS","TEST METHOD"
"","7","test_get_weather_data_tokyo","tests.abc","Sun Aug 31 23:55:47 JST 2025","passed","Sun Aug 31 23:55:47 JST 2025","","test_weather2","",""
"","1","test_main","tests.abc","Sun Aug 31 23:55:47 JST 2025","passed","Sun Aug 31 23:55:47 JST 2025","","test_abc","",""
"","1","test_params[1-1]","tests.abc","Sun Aug 31 23:55:47 JST 2025","passed","Sun Aug 31 23:55:47 JST 2025","","test_weather2","",""
"","0","test_abc","tests.abc","Sun Aug 31 23:55:47 JST 2025","skipped","Sun Aug 31 23:55:47 JST 2025","","test_weather2","",""
"","7","test_get_weather_data_osaka","tests.abc","Sun Aug 31 23:55:47 JST 2025","passed","Sun Aug 31 23:55:47 JST 2025","","test_weather2","",""
"","0","test_params[2-2]","tests.abc","Sun Aug 31 23:55:47 JST 2025","passed","Sun Aug 31 23:55:47 JST 2025","","test_weather2","",""
"","4","test_sample","tests","Sun Aug 31 23:55:51 JST 2025","passed","Sun Aug 31 23:55:51 JST 2025","","test_sample","",""
"","0","test_params[3-3]","tests.abc","Sun Aug 31 23:55:47 JST 2025","passed","Sun Aug 31 23:55:47 JST 2025","","test_weather2","",""
"","2338","test_yahoo[chromium]","tests.pw","Sun Aug 31 23:55:48 JST 2025","passed","Sun Aug 31 23:55:51 JST 2025","","playwright-yahoo_test","",""
