{
  "createdUser": null,
  "updatedUser": null,
  "id": 1,
  "name": "240204-1650",
  "kong_node_name": "udemy-kong35",
  "kong_node_url": "http://udemy-kong:8301",
  "kong_version": "3.5.0",
  "data": {
    "services": [
      {
        "path": null,
        "port": 9003,
        "client_certificate": null,
        "enabled": true,
        "connect_timeout": 60000,
        "write_timeout": 60000,
        "read_timeout": 60000,
        "host": "gamma",
        "name": "qr",
        "tls_verify": null,
        "created_at": 1707025527,
        "tls_verify_depth": null,
        "id": "a06dc382-1e08-4f42-b199-eaae4bf9edd3",
        "protocol": "http",
        "retries": 3,
        "updated_at": 1707027137,
        "tags": null,
        "ca_certificates": null,
        "extras": {}
      },
      {
        "path": null,
        "port": 9002,
        "client_certificate": null,
        "enabled": true,
        "connect_timeout": 60000,
        "write_timeout": 60000,
        "read_timeout": 60000,
        "host": "beta",
        "name": "beta",
        "tls_verify": null,
        "created_at": 1707028420,
        "tls_verify_depth": null,
        "id": "a13c100c-35f9-4658-a1d3-123b6e504052",
        "protocol": "http",
        "retries": 5,
        "updated_at": 1707028689,
        "tags": null,
        "ca_certificates": null,
        "extras": {}
      },
      {
        "path": null,
        "port": 9004,
        "client_certificate": null,
        "enabled": true,
        "connect_timeout": 60000,
        "write_timeout": 60000,
        "read_timeout": 60000,
        "host": "omega",
        "name": "omega",
        "tls_verify": null,
        "created_at": 1707028440,
        "tls_verify_depth": null,
        "id": "c28a4f3e-f86a-4cb7-af92-8af5847e6276",
        "protocol": "http",
        "retries": 5,
        "updated_at": 1707028440,
        "tags": null,
        "ca_certificates": null,
        "extras": {}
      },
      {
        "path": null,
        "port": 9003,
        "client_certificate": null,
        "enabled": true,
        "connect_timeout": 60000,
        "write_timeout": 60000,
        "read_timeout": 60000,
        "host": "gamma",
        "name": "gamma",
        "tls_verify": null,
        "created_at": 1707028071,
        "tls_verify_depth": null,
        "id": "d589efe0-a741-49fe-b5d7-a73da0a5678b",
        "protocol": "http",
        "retries": 3,
        "updated_at": 1707028499,
        "tags": null,
        "ca_certificates": null,
        "extras": {}
      },
      {
        "path": null,
        "port": 9001,
        "client_certificate": null,
        "enabled": true,
        "connect_timeout": 60000,
        "write_timeout": 60000,
        "read_timeout": 60000,
        "host": "alpha",
        "name": "alpha",
        "tls_verify": null,
        "created_at": 1707028401,
        "tls_verify_depth": null,
        "id": "f887c1ab-9e32-4c3d-80be-179e298c6b2a",
        "protocol": "http",
        "retries": 5,
        "updated_at": 1707028401,
        "tags": null,
        "ca_certificates": null,
        "extras": {}
      }
    ],
    "routes": [
      {
        "service": {
          "id": "d589efe0-a741-49fe-b5d7-a73da0a5678b"
        },
        "name": "gamma-route",
        "strip_path": true,
        "request_buffering": true,
        "response_buffering": true,
        "destinations": null,
        "headers": null,
        "tags": [],
        "hosts": null,
        "protocols": [
          "http",
          "https"
        ],
        "sources": null,
        "regex_priority": 0,
        "created_at": 1707028105,
        "updated_at": 1707028750,
        "path_handling": "v0",
        "id": "29e49883-c034-43d2-8c47-a3a550ef5f2d",
        "snis": null,
        "methods": null,
        "paths": [
          "/gamma"
        ],
        "preserve_host": false,
        "https_redirect_status_code": 426
      },
      {
        "service": {
          "id": "c28a4f3e-f86a-4cb7-af92-8af5847e6276"
        },
        "name": "omega-route",
        "strip_path": true,
        "request_buffering": true,
        "response_buffering": true,
        "destinations": null,
        "headers": null,
        "tags": [],
        "hosts": null,
        "protocols": [
          "http",
          "https"
        ],
        "sources": null,
        "regex_priority": 0,
        "created_at": 1707028781,
        "updated_at": 1707028781,
        "path_handling": "v0",
        "id": "4921da75-415a-49ab-987a-5f0ff2e57ea2",
        "snis": null,
        "methods": null,
        "paths": [
          "/omega"
        ],
        "preserve_host": false,
        "https_redirect_status_code": 426
      },
      {
        "service": {
          "id": "a06dc382-1e08-4f42-b199-eaae4bf9edd3"
        },
        "name": null,
        "strip_path": true,
        "request_buffering": true,
        "response_buffering": true,
        "destinations": null,
        "headers": null,
        "tags": [],
        "hosts": null,
        "protocols": [
          "http",
          "https"
        ],
        "sources": null,
        "regex_priority": 0,
        "created_at": 1707025914,
        "updated_at": 1707026687,
        "path_handling": "v0",
        "id": "59ce0cd0-fe78-4524-86c5-0d14314e1c13",
        "snis": null,
        "methods": null,
        "paths": [
          "/qr"
        ],
        "preserve_host": false,
        "https_redirect_status_code": 426
      },
      {
        "service": {
          "id": "a13c100c-35f9-4658-a1d3-123b6e504052"
        },
        "name": "beta-route",
        "strip_path": true,
        "request_buffering": true,
        "response_buffering": true,
        "destinations": null,
        "headers": null,
        "tags": [],
        "hosts": null,
        "protocols": [
          "http",
          "https"
        ],
        "sources": null,
        "regex_priority": 0,
        "created_at": 1707028711,
        "updated_at": 1707028711,
        "path_handling": "v0",
        "id": "804ee147-fe2a-4b02-9f41-5c3db9e9276a",
        "snis": null,
        "methods": null,
        "paths": [
          "/beta"
        ],
        "preserve_host": false,
        "https_redirect_status_code": 426
      },
      {
        "service": {
          "id": "f887c1ab-9e32-4c3d-80be-179e298c6b2a"
        },
        "name": "alpha-route",
        "strip_path": true,
        "request_buffering": true,
        "response_buffering": true,
        "destinations": null,
        "headers": null,
        "tags": [],
        "hosts": null,
        "protocols": [
          "http",
          "https"
        ],
        "sources": null,
        "regex_priority": 0,
        "created_at": 1707028637,
        "updated_at": 1707028637,
        "path_handling": "v0",
        "id": "dc85810e-c58d-44b7-a4a9-e02f0a6060d8",
        "snis": null,
        "methods": null,
        "paths": [
          "/alpha"
        ],
        "preserve_host": false,
        "https_redirect_status_code": 426
      }
    ],
    "consumers": [
      {
        "updated_at": 1707028918,
        "id": "13c36f15-01d5-477a-9031-65a4923a40f4",
        "username": "apollo",
        "custom_id": null,
        "tags": [],
        "created_at": 1707028918,
        "credentials": {}
      },
      {
        "updated_at": 1707028195,
        "id": "fe156944-f21e-4493-80d0-45082a2d3a8f",
        "username": "helen",
        "custom_id": "U025",
        "tags": null,
        "created_at": 1707028195,
        "credentials": {}
      }
    ],
    "plugins": [],
    "acls": [],
    "upstreams": [],
    "certificates": [],
    "snis": []
  },
  "createdAt": "2024-02-04T07:51:14.000Z",
  "updatedAt": "2024-02-04T07:51:14.000Z"
}