[{"uid":"be6f880f2fcf442b","name":"test_params[3-3]","time":{"start":1756652147982,"stop":1756652147982,"duration":0},"status":"passed","severity":"normal"},{"uid":"afce6c2247ba9fda","name":"test_params[1-1]","time":{"start":1756652147958,"stop":1756652147959,"duration":1},"status":"passed","severity":"normal"},{"uid":"2228db5651b0a6a1","name":"test_yahoo[chromium]","time":{"start":1756652148771,"stop":1756652151109,"duration":2338},"status":"passed","severity":"normal"},{"uid":"fbe8ae5733e7e1df","name":"test_sample","time":{"start":1756652151159,"stop":1756652151163,"duration":4},"status":"passed","severity":"normal"},{"uid":"c87f8476bb7763e0","name":"test_params[2-2]","time":{"start":1756652147972,"stop":1756652147972,"duration":0},"status":"passed","severity":"normal"},{"uid":"87b8f820fdfaa44d","name":"test_get_weather_data_osaka","time":{"start":1756652147783,"stop":1756652147790,"duration":7},"status":"passed","severity":"normal"},{"uid":"46b99707e8374939","name":"test_main","time":{"start":1756652147645,"stop":1756652147646,"duration":1},"status":"passed","severity":"normal"},{"uid":"90cb75e0b8e8d518","name":"test_get_weather_data_tokyo","time":{"start":1756652147760,"stop":1756652147767,"duration":7},"status":"passed","severity":"normal"},{"uid":"d7b158c5ef70032c","name":"test_abc","time":{"start":1756652147802,"stop":1756652147802,"duration":0},"status":"skipped","severity":"normal"}]