{"7d8075c6aff93839416ca7f3f04b10a8":{"statistic":{"failed":0,"broken":0,"skipped":0,"passed":1,"unknown":0,"total":1},"items":[{"uid":"90cb75e0b8e8d518","status":"passed","time":{"start":1756652147760,"stop":1756652147767,"duration":7}}]},"5841366848b158147c5a0fb6dd62d2d5":{"statistic":{"failed":0,"broken":0,"skipped":0,"passed":1,"unknown":0,"total":1},"items":[{"uid":"2228db5651b0a6a1","status":"passed","time":{"start":1756652148771,"stop":1756652151109,"duration":2338}}]},"7cf73f6e0810a205c23322af7790fc7b":{"statistic":{"failed":0,"broken":0,"skipped":0,"passed":1,"unknown":0,"total":1},"items":[{"uid":"fbe8ae5733e7e1df","status":"passed","time":{"start":1756652151159,"stop":1756652151163,"duration":4}}]},"3ce0a57092b584c98ac5bfc263cb3ba7":{"statistic":{"failed":0,"broken":0,"skipped":0,"passed":1,"unknown":0,"total":1},"items":[{"uid":"87b8f820fdfaa44d","status":"passed","time":{"start":1756652147783,"stop":1756652147790,"duration":7}}]},"ca97878cadc8ecbc1f4f061dbc86eb1b":{"statistic":{"failed":0,"broken":0,"skipped":1,"passed":0,"unknown":0,"total":1},"items":[{"uid":"d7b158c5ef70032c","status":"skipped","statusDetails":"XFAIL\n\nAssertionError: assert 1 == 2","time":{"start":1756652147802,"stop":1756652147802,"duration":0}}]},"c893fd6434021ba3843c88f870369ced":{"statistic":{"failed":0,"broken":0,"skipped":0,"passed":1,"unknown":0,"total":1},"items":[{"uid":"46b99707e8374939","status":"passed","time":{"start":1756652147645,"stop":1756652147646,"duration":1}}]},"0bb0058a14c8ffb5b1b41bd7e551ad37":{"statistic":{"failed":0,"broken":0,"skipped":0,"passed":1,"unknown":0,"total":1},"items":[{"uid":"c87f8476bb7763e0","status":"passed","time":{"start":1756652147972,"stop":1756652147972,"duration":0}}]},"201f3f44a0be1f4845c970aec8d7733e":{"statistic":{"failed":0,"broken":0,"skipped":0,"passed":1,"unknown":0,"total":1},"items":[{"uid":"be6f880f2fcf442b","status":"passed","time":{"start":1756652147982,"stop":1756652147982,"duration":0}}]},"3b77688d3023b86dd46ebe5835b021f1":{"statistic":{"failed":0,"broken":0,"skipped":0,"passed":1,"unknown":0,"total":1},"items":[{"uid":"afce6c2247ba9fda","status":"passed","time":{"start":1756652147958,"stop":1756652147959,"duration":1}}]}}